county,precinct,office,district,party,candidate,votes
Wayne,1,President,,REP,Donald J. Trump,630
Wayne,1,President,,DEM,Hillary Clinton,103
Wayne,1,President,,LIB,Gary Johnson,11
Wayne,1,President,,GRN,Jill Stein,6
Wayne,1,President,,CON,Darrell L. Castle,3
Wayne,5,President,,REP,Donald J. Trump,402
Wayne,5,President,,DEM,Hillary Clinton,101
Wayne,5,President,,LIB,Gary Johnson,10
Wayne,5,President,,GRN,Jill Stein,2
Wayne,5,President,,CON,Darrell L. Castle,4
Wayne,6,President,,REP,Donald J. Trump,184
Wayne,6,President,,DEM,Hillary Clinton,31
Wayne,6,President,,LIB,Gary Johnson,2
Wayne,6,President,,GRN,Jill Stein,1
Wayne,6,President,,CON,Darrell L. Castle,3
Wayne,11,President,,REP,Donald J. Trump,172
Wayne,11,President,,DEM,Hillary Clinton,82
Wayne,11,President,,LIB,Gary Johnson,9
Wayne,11,President,,GRN,Jill Stein,2
Wayne,11,President,,CON,Darrell L. Castle,1
Wayne,12,President,,REP,Donald J. Trump,193
Wayne,12,President,,DEM,Hillary Clinton,87
Wayne,12,President,,LIB,Gary Johnson,5
Wayne,12,President,,GRN,Jill Stein,3
Wayne,12,President,,CON,Darrell L. Castle,2
Wayne,13,President,,REP,Donald J. Trump,305
Wayne,13,President,,DEM,Hillary Clinton,133
Wayne,13,President,,LIB,Gary Johnson,17
Wayne,13,President,,GRN,Jill Stein,5
Wayne,13,President,,CON,Darrell L. Castle,2
Wayne,14,President,,REP,Donald J. Trump,605
Wayne,14,President,,DEM,Hillary Clinton,173
Wayne,14,President,,LIB,Gary Johnson,27
Wayne,14,President,,GRN,Jill Stein,7
Wayne,14,President,,CON,Darrell L. Castle,5
Wayne,16,President,,REP,Donald J. Trump,205
Wayne,16,President,,DEM,Hillary Clinton,59
Wayne,16,President,,LIB,Gary Johnson,7
Wayne,16,President,,GRN,Jill Stein,0
Wayne,16,President,,CON,Darrell L. Castle,3
Wayne,17,President,,REP,Donald J. Trump,266
Wayne,17,President,,DEM,Hillary Clinton,104
Wayne,17,President,,LIB,Gary Johnson,10
Wayne,17,President,,GRN,Jill Stein,4
Wayne,17,President,,CON,Darrell L. Castle,5
Wayne,18,President,,REP,Donald J. Trump,305
Wayne,18,President,,DEM,Hillary Clinton,57
Wayne,18,President,,LIB,Gary Johnson,13
Wayne,18,President,,GRN,Jill Stein,1
Wayne,18,President,,CON,Darrell L. Castle,1
Wayne,19,President,,REP,Donald J. Trump,436
Wayne,19,President,,DEM,Hillary Clinton,108
Wayne,19,President,,LIB,Gary Johnson,20
Wayne,19,President,,GRN,Jill Stein,3
Wayne,19,President,,CON,Darrell L. Castle,4
Wayne,20,President,,REP,Donald J. Trump,255
Wayne,20,President,,DEM,Hillary Clinton,113
Wayne,20,President,,LIB,Gary Johnson,16
Wayne,20,President,,GRN,Jill Stein,2
Wayne,20,President,,CON,Darrell L. Castle,0
Wayne,21,President,,REP,Donald J. Trump,217
Wayne,21,President,,DEM,Hillary Clinton,60
Wayne,21,President,,LIB,Gary Johnson,3
Wayne,21,President,,GRN,Jill Stein,1
Wayne,21,President,,CON,Darrell L. Castle,1
Wayne,22,President,,REP,Donald J. Trump,304
Wayne,22,President,,DEM,Hillary Clinton,109
Wayne,22,President,,LIB,Gary Johnson,12
Wayne,22,President,,GRN,Jill Stein,2
Wayne,22,President,,CON,Darrell L. Castle,6
Wayne,30,President,,REP,Donald J. Trump,484
Wayne,30,President,,DEM,Hillary Clinton,85
Wayne,30,President,,LIB,Gary Johnson,15
Wayne,30,President,,GRN,Jill Stein,5
Wayne,30,President,,CON,Darrell L. Castle,9
Wayne,31,President,,REP,Donald J. Trump,194
Wayne,31,President,,DEM,Hillary Clinton,33
Wayne,31,President,,LIB,Gary Johnson,3
Wayne,31,President,,GRN,Jill Stein,1
Wayne,31,President,,CON,Darrell L. Castle,0
Wayne,34,President,,REP,Donald J. Trump,240
Wayne,34,President,,DEM,Hillary Clinton,60
Wayne,34,President,,LIB,Gary Johnson,4
Wayne,34,President,,GRN,Jill Stein,1
Wayne,34,President,,CON,Darrell L. Castle,1
Wayne,36,President,,REP,Donald J. Trump,338
Wayne,36,President,,DEM,Hillary Clinton,75
Wayne,36,President,,LIB,Gary Johnson,10
Wayne,36,President,,GRN,Jill Stein,3
Wayne,36,President,,CON,Darrell L. Castle,1
Wayne,37,President,,REP,Donald J. Trump,295
Wayne,37,President,,DEM,Hillary Clinton,37
Wayne,37,President,,LIB,Gary Johnson,6
Wayne,37,President,,GRN,Jill Stein,2
Wayne,37,President,,CON,Darrell L. Castle,3
Wayne,41,President,,REP,Donald J. Trump,157
Wayne,41,President,,DEM,Hillary Clinton,71
Wayne,41,President,,LIB,Gary Johnson,3
Wayne,41,President,,GRN,Jill Stein,0
Wayne,41,President,,CON,Darrell L. Castle,2
Wayne,42,President,,REP,Donald J. Trump,104
Wayne,42,President,,DEM,Hillary Clinton,63
Wayne,42,President,,LIB,Gary Johnson,4
Wayne,42,President,,GRN,Jill Stein,0
Wayne,42,President,,CON,Darrell L. Castle,2
Wayne,45,President,,REP,Donald J. Trump,221
Wayne,45,President,,DEM,Hillary Clinton,60
Wayne,45,President,,LIB,Gary Johnson,5
Wayne,45,President,,GRN,Jill Stein,4
Wayne,45,President,,CON,Darrell L. Castle,6
Wayne,48,President,,REP,Donald J. Trump,426
Wayne,48,President,,DEM,Hillary Clinton,131
Wayne,48,President,,LIB,Gary Johnson,23
Wayne,48,President,,GRN,Jill Stein,6
Wayne,48,President,,CON,Darrell L. Castle,6
Wayne,49,President,,REP,Donald J. Trump,495
Wayne,49,President,,DEM,Hillary Clinton,139
Wayne,49,President,,LIB,Gary Johnson,19
Wayne,49,President,,GRN,Jill Stein,5
Wayne,49,President,,CON,Darrell L. Castle,8
Wayne,50,President,,REP,Donald J. Trump,336
Wayne,50,President,,DEM,Hillary Clinton,105
Wayne,50,President,,LIB,Gary Johnson,11
Wayne,50,President,,GRN,Jill Stein,7
Wayne,50,President,,CON,Darrell L. Castle,4
Wayne,51,President,,REP,Donald J. Trump,427
Wayne,51,President,,DEM,Hillary Clinton,96
Wayne,51,President,,LIB,Gary Johnson,11
Wayne,51,President,,GRN,Jill Stein,5
Wayne,51,President,,CON,Darrell L. Castle,6
Wayne,52,President,,REP,Donald J. Trump,172
Wayne,52,President,,DEM,Hillary Clinton,47
Wayne,52,President,,LIB,Gary Johnson,2
Wayne,52,President,,GRN,Jill Stein,3
Wayne,52,President,,CON,Darrell L. Castle,3
Wayne,53,President,,REP,Donald J. Trump,381
Wayne,53,President,,DEM,Hillary Clinton,82
Wayne,53,President,,LIB,Gary Johnson,16
Wayne,53,President,,GRN,Jill Stein,2
Wayne,53,President,,CON,Darrell L. Castle,7
Wayne,54,President,,REP,Donald J. Trump,253
Wayne,54,President,,DEM,Hillary Clinton,66
Wayne,54,President,,LIB,Gary Johnson,9
Wayne,54,President,,GRN,Jill Stein,4
Wayne,54,President,,CON,Darrell L. Castle,6
Wayne,56,President,,REP,Donald J. Trump,465
Wayne,56,President,,DEM,Hillary Clinton,171
Wayne,56,President,,LIB,Gary Johnson,15
Wayne,56,President,,GRN,Jill Stein,3
Wayne,56,President,,CON,Darrell L. Castle,3
Wayne,57,President,,REP,Donald J. Trump,290
Wayne,57,President,,DEM,Hillary Clinton,84
Wayne,57,President,,LIB,Gary Johnson,14
Wayne,57,President,,GRN,Jill Stein,3
Wayne,57,President,,CON,Darrell L. Castle,3
Wayne,59,President,,REP,Donald J. Trump,278
Wayne,59,President,,DEM,Hillary Clinton,144
Wayne,59,President,,LIB,Gary Johnson,33
Wayne,59,President,,GRN,Jill Stein,9
Wayne,59,President,,CON,Darrell L. Castle,7
Wayne,60,President,,REP,Donald J. Trump,259
Wayne,60,President,,DEM,Hillary Clinton,149
Wayne,60,President,,LIB,Gary Johnson,15
Wayne,60,President,,GRN,Jill Stein,5
Wayne,60,President,,CON,Darrell L. Castle,3
Wayne,61,President,,REP,Donald J. Trump,218
Wayne,61,President,,DEM,Hillary Clinton,114
Wayne,61,President,,LIB,Gary Johnson,13
Wayne,61,President,,GRN,Jill Stein,4
Wayne,61,President,,CON,Darrell L. Castle,0
Wayne,62,President,,REP,Donald J. Trump,469
Wayne,62,President,,DEM,Hillary Clinton,142
Wayne,62,President,,LIB,Gary Johnson,18
Wayne,62,President,,GRN,Jill Stein,10
Wayne,62,President,,CON,Darrell L. Castle,5
Wayne,63,President,,REP,Donald J. Trump,171
Wayne,63,President,,DEM,Hillary Clinton,83
Wayne,63,President,,LIB,Gary Johnson,10
Wayne,63,President,,GRN,Jill Stein,1
Wayne,63,President,,CON,Darrell L. Castle,5
Wayne,Total,President,,REP,Donald J. Trump,11152
Wayne,Total,President,,DEM,Hillary Clinton,3357
Wayne,Total,President,,LIB,Gary Johnson,421
Wayne,Total,President,,GRN,Jill Stein,122
Wayne,Total,President,,CON,Darrell L. Castle,130
Wayne,1,U.S. House,3,REP,Evan Jenkins,585
Wayne,1,U.S. House,3,DEM,Matt Detch,72
Wayne,1,U.S. House,3,LIB,Zane Lawhorn,18
Wayne,5,U.S. House,3,REP,Evan Jenkins,367
Wayne,5,U.S. House,3,DEM,Matt Detch,71
Wayne,5,U.S. House,3,LIB,Zane Lawhorn,23
Wayne,6,U.S. House,3,REP,Evan Jenkins,164
Wayne,6,U.S. House,3,DEM,Matt Detch,30
Wayne,6,U.S. House,3,LIB,Zane Lawhorn,4
Wayne,11,U.S. House,3,REP,Evan Jenkins,197
Wayne,11,U.S. House,3,DEM,Matt Detch,40
Wayne,11,U.S. House,3,LIB,Zane Lawhorn,7
Wayne,12,U.S. House,3,REP,Evan Jenkins,226
Wayne,12,U.S. House,3,DEM,Matt Detch,61
Wayne,12,U.S. House,3,LIB,Zane Lawhorn,2
Wayne,13,U.S. House,3,REP,Evan Jenkins,343
Wayne,13,U.S. House,3,DEM,Matt Detch,81
Wayne,13,U.S. House,3,LIB,Zane Lawhorn,15
Wayne,14,U.S. House,3,REP,Evan Jenkins,637
Wayne,14,U.S. House,3,DEM,Matt Detch,134
Wayne,14,U.S. House,3,LIB,Zane Lawhorn,24
Wayne,16,U.S. House,3,REP,Evan Jenkins,211
Wayne,16,U.S. House,3,DEM,Matt Detch,42
Wayne,16,U.S. House,3,LIB,Zane Lawhorn,4
Wayne,17,U.S. House,3,REP,Evan Jenkins,316
Wayne,17,U.S. House,3,DEM,Matt Detch,59
Wayne,17,U.S. House,3,LIB,Zane Lawhorn,6
Wayne,18,U.S. House,3,REP,Evan Jenkins,294
Wayne,18,U.S. House,3,DEM,Matt Detch,52
Wayne,18,U.S. House,3,LIB,Zane Lawhorn,13
Wayne,19,U.S. House,3,REP,Evan Jenkins,473
Wayne,19,U.S. House,3,DEM,Matt Detch,69
Wayne,19,U.S. House,3,LIB,Zane Lawhorn,12
Wayne,20,U.S. House,3,REP,Evan Jenkins,267
Wayne,20,U.S. House,3,DEM,Matt Detch,71
Wayne,20,U.S. House,3,LIB,Zane Lawhorn,6
Wayne,21,U.S. House,3,REP,Evan Jenkins,230
Wayne,21,U.S. House,3,DEM,Matt Detch,27
Wayne,21,U.S. House,3,LIB,Zane Lawhorn,4
Wayne,22,U.S. House,3,REP,Evan Jenkins,327
Wayne,22,U.S. House,3,DEM,Matt Detch,82
Wayne,22,U.S. House,3,LIB,Zane Lawhorn,14
Wayne,30,U.S. House,3,REP,Evan Jenkins,444
Wayne,30,U.S. House,3,DEM,Matt Detch,85
Wayne,30,U.S. House,3,LIB,Zane Lawhorn,10
Wayne,31,U.S. House,3,REP,Evan Jenkins,168
Wayne,31,U.S. House,3,DEM,Matt Detch,43
Wayne,31,U.S. House,3,LIB,Zane Lawhorn,4
Wayne,34,U.S. House,3,REP,Evan Jenkins,203
Wayne,34,U.S. House,3,DEM,Matt Detch,76
Wayne,34,U.S. House,3,LIB,Zane Lawhorn,5
Wayne,36,U.S. House,3,REP,Evan Jenkins,286
Wayne,36,U.S. House,3,DEM,Matt Detch,84
Wayne,36,U.S. House,3,LIB,Zane Lawhorn,6
Wayne,37,U.S. House,3,REP,Evan Jenkins,251
Wayne,37,U.S. House,3,DEM,Matt Detch,47
Wayne,37,U.S. House,3,LIB,Zane Lawhorn,4
Wayne,41,U.S. House,3,REP,Evan Jenkins,155
Wayne,41,U.S. House,3,DEM,Matt Detch,49
Wayne,41,U.S. House,3,LIB,Zane Lawhorn,6
Wayne,42,U.S. House,3,REP,Evan Jenkins,110
Wayne,42,U.S. House,3,DEM,Matt Detch,51
Wayne,42,U.S. House,3,LIB,Zane Lawhorn,2
Wayne,45,U.S. House,3,REP,Evan Jenkins,202
Wayne,45,U.S. House,3,DEM,Matt Detch,53
Wayne,45,U.S. House,3,LIB,Zane Lawhorn,7
Wayne,48,U.S. House,3,REP,Evan Jenkins,446
Wayne,48,U.S. House,3,DEM,Matt Detch,100
Wayne,48,U.S. House,3,LIB,Zane Lawhorn,12
Wayne,49,U.S. House,3,REP,Evan Jenkins,532
Wayne,49,U.S. House,3,DEM,Matt Detch,109
Wayne,49,U.S. House,3,LIB,Zane Lawhorn,9
Wayne,50,U.S. House,3,REP,Evan Jenkins,342
Wayne,50,U.S. House,3,DEM,Matt Detch,74
Wayne,50,U.S. House,3,LIB,Zane Lawhorn,14
Wayne,51,U.S. House,3,REP,Evan Jenkins,406
Wayne,51,U.S. House,3,DEM,Matt Detch,80
Wayne,51,U.S. House,3,LIB,Zane Lawhorn,12
Wayne,52,U.S. House,3,REP,Evan Jenkins,163
Wayne,52,U.S. House,3,DEM,Matt Detch,43
Wayne,52,U.S. House,3,LIB,Zane Lawhorn,5
Wayne,53,U.S. House,3,REP,Evan Jenkins,371
Wayne,53,U.S. House,3,DEM,Matt Detch,70
Wayne,53,U.S. House,3,LIB,Zane Lawhorn,10
Wayne,54,U.S. House,3,REP,Evan Jenkins,246
Wayne,54,U.S. House,3,DEM,Matt Detch,56
Wayne,54,U.S. House,3,LIB,Zane Lawhorn,15
Wayne,56,U.S. House,3,REP,Evan Jenkins,507
Wayne,56,U.S. House,3,DEM,Matt Detch,117
Wayne,56,U.S. House,3,LIB,Zane Lawhorn,11
Wayne,57,U.S. House,3,REP,Evan Jenkins,314
Wayne,57,U.S. House,3,DEM,Matt Detch,57
Wayne,57,U.S. House,3,LIB,Zane Lawhorn,7
Wayne,59,U.S. House,3,REP,Evan Jenkins,343
Wayne,59,U.S. House,3,DEM,Matt Detch,98
Wayne,59,U.S. House,3,LIB,Zane Lawhorn,17
Wayne,60,U.S. House,3,REP,Evan Jenkins,313
Wayne,60,U.S. House,3,DEM,Matt Detch,88
Wayne,60,U.S. House,3,LIB,Zane Lawhorn,10
Wayne,61,U.S. House,3,REP,Evan Jenkins,268
Wayne,61,U.S. House,3,DEM,Matt Detch,64
Wayne,61,U.S. House,3,LIB,Zane Lawhorn,5
Wayne,62,U.S. House,3,REP,Evan Jenkins,500
Wayne,62,U.S. House,3,DEM,Matt Detch,101
Wayne,62,U.S. House,3,LIB,Zane Lawhorn,14
Wayne,63,U.S. House,3,REP,Evan Jenkins,195
Wayne,63,U.S. House,3,DEM,Matt Detch,56
Wayne,63,U.S. House,3,LIB,Zane Lawhorn,7
Wayne,Total,U.S. House,3,REP,Evan Jenkins,11402
Wayne,Total,U.S. House,3,DEM,Matt Detch,2492
Wayne,Total,U.S. House,3,LIB,Zane Lawhorn,344
Wayne,1,Governor,,REP,Bill Cole,329
Wayne,1,Governor,,DEM,Jim Justice,355
Wayne,1,Governor,,LIB,David Moran,10
Wayne,1,Governor,,MTN,Charlotte Jean Pritt,38
Wayne,1,Governor,,CON,Phil Hudok,3
Wayne,5,Governor,,REP,Bill Cole,215
Wayne,5,Governor,,DEM,Jim Justice,257
Wayne,5,Governor,,LIB,David Moran,17
Wayne,5,Governor,,MTN,Charlotte Jean Pritt,21
Wayne,5,Governor,,CON,Phil Hudok,3
Wayne,6,Governor,,REP,Bill Cole,101
Wayne,6,Governor,,DEM,Jim Justice,108
Wayne,6,Governor,,LIB,David Moran,3
Wayne,6,Governor,,MTN,Charlotte Jean Pritt,13
Wayne,6,Governor,,CON,Phil Hudok,1
Wayne,11,Governor,,REP,Bill Cole,80
Wayne,11,Governor,,DEM,Jim Justice,152
Wayne,11,Governor,,LIB,David Moran,4
Wayne,11,Governor,,MTN,Charlotte Jean Pritt,20
Wayne,11,Governor,,CON,Phil Hudok,1
Wayne,12,Governor,,REP,Bill Cole,83
Wayne,12,Governor,,DEM,Jim Justice,199
Wayne,12,Governor,,LIB,David Moran,5
Wayne,12,Governor,,MTN,Charlotte Jean Pritt,9
Wayne,12,Governor,,CON,Phil Hudok,0
Wayne,13,Governor,,REP,Bill Cole,186
Wayne,13,Governor,,DEM,Jim Justice,247
Wayne,13,Governor,,LIB,David Moran,5
Wayne,13,Governor,,MTN,Charlotte Jean Pritt,24
Wayne,13,Governor,,CON,Phil Hudok,2
Wayne,14,Governor,,REP,Bill Cole,324
Wayne,14,Governor,,DEM,Jim Justice,446
Wayne,14,Governor,,LIB,David Moran,17
Wayne,14,Governor,,MTN,Charlotte Jean Pritt,33
Wayne,14,Governor,,CON,Phil Hudok,6
Wayne,16,Governor,,REP,Bill Cole,96
Wayne,16,Governor,,DEM,Jim Justice,167
Wayne,16,Governor,,LIB,David Moran,4
Wayne,16,Governor,,MTN,Charlotte Jean Pritt,7
Wayne,16,Governor,,CON,Phil Hudok,2
Wayne,17,Governor,,REP,Bill Cole,156
Wayne,17,Governor,,DEM,Jim Justice,228
Wayne,17,Governor,,LIB,David Moran,4
Wayne,17,Governor,,MTN,Charlotte Jean Pritt,12
Wayne,17,Governor,,CON,Phil Hudok,2
Wayne,18,Governor,,REP,Bill Cole,149
Wayne,18,Governor,,DEM,Jim Justice,217
Wayne,18,Governor,,LIB,David Moran,3
Wayne,18,Governor,,MTN,Charlotte Jean Pritt,11
Wayne,18,Governor,,CON,Phil Hudok,3
Wayne,19,Governor,,REP,Bill Cole,229
Wayne,19,Governor,,DEM,Jim Justice,295
Wayne,19,Governor,,LIB,David Moran,9
Wayne,19,Governor,,MTN,Charlotte Jean Pritt,38
Wayne,19,Governor,,CON,Phil Hudok,2
Wayne,20,Governor,,REP,Bill Cole,123
Wayne,20,Governor,,DEM,Jim Justice,238
Wayne,20,Governor,,LIB,David Moran,2
Wayne,20,Governor,,MTN,Charlotte Jean Pritt,11
Wayne,20,Governor,,CON,Phil Hudok,3
Wayne,21,Governor,,REP,Bill Cole,113
Wayne,21,Governor,,DEM,Jim Justice,156
Wayne,21,Governor,,LIB,David Moran,3
Wayne,21,Governor,,MTN,Charlotte Jean Pritt,8
Wayne,21,Governor,,CON,Phil Hudok,4
Wayne,22,Governor,,REP,Bill Cole,171
Wayne,22,Governor,,DEM,Jim Justice,254
Wayne,22,Governor,,LIB,David Moran,8
Wayne,22,Governor,,MTN,Charlotte Jean Pritt,9
Wayne,22,Governor,,CON,Phil Hudok,2
Wayne,30,Governor,,REP,Bill Cole,248
Wayne,30,Governor,,DEM,Jim Justice,317
Wayne,30,Governor,,LIB,David Moran,4
Wayne,30,Governor,,MTN,Charlotte Jean Pritt,32
Wayne,30,Governor,,CON,Phil Hudok,2
Wayne,31,Governor,,REP,Bill Cole,117
Wayne,31,Governor,,DEM,Jim Justice,113
Wayne,31,Governor,,LIB,David Moran,3
Wayne,31,Governor,,MTN,Charlotte Jean Pritt,8
Wayne,31,Governor,,CON,Phil Hudok,0
Wayne,34,Governor,,REP,Bill Cole,125
Wayne,34,Governor,,DEM,Jim Justice,184
Wayne,34,Governor,,LIB,David Moran,1
Wayne,34,Governor,,MTN,Charlotte Jean Pritt,7
Wayne,34,Governor,,CON,Phil Hudok,2
Wayne,36,Governor,,REP,Bill Cole,161
Wayne,36,Governor,,DEM,Jim Justice,257
Wayne,36,Governor,,LIB,David Moran,4
Wayne,36,Governor,,MTN,Charlotte Jean Pritt,11
Wayne,36,Governor,,CON,Phil Hudok,1
Wayne,37,Governor,,REP,Bill Cole,169
Wayne,37,Governor,,DEM,Jim Justice,152
Wayne,37,Governor,,LIB,David Moran,0
Wayne,37,Governor,,MTN,Charlotte Jean Pritt,10
Wayne,37,Governor,,CON,Phil Hudok,2
Wayne,41,Governor,,REP,Bill Cole,85
Wayne,41,Governor,,DEM,Jim Justice,142
Wayne,41,Governor,,LIB,David Moran,3
Wayne,41,Governor,,MTN,Charlotte Jean Pritt,7
Wayne,41,Governor,,CON,Phil Hudok,0
Wayne,42,Governor,,REP,Bill Cole,54
Wayne,42,Governor,,DEM,Jim Justice,119
Wayne,42,Governor,,LIB,David Moran,2
Wayne,42,Governor,,MTN,Charlotte Jean Pritt,10
Wayne,42,Governor,,CON,Phil Hudok,1
Wayne,45,Governor,,REP,Bill Cole,114
Wayne,45,Governor,,DEM,Jim Justice,164
Wayne,45,Governor,,LIB,David Moran,3
Wayne,45,Governor,,MTN,Charlotte Jean Pritt,12
Wayne,45,Governor,,CON,Phil Hudok,5
Wayne,48,Governor,,REP,Bill Cole,213
Wayne,48,Governor,,DEM,Jim Justice,335
Wayne,48,Governor,,LIB,David Moran,11
Wayne,48,Governor,,MTN,Charlotte Jean Pritt,34
Wayne,48,Governor,,CON,Phil Hudok,5
Wayne,49,Governor,,REP,Bill Cole,273
Wayne,49,Governor,,DEM,Jim Justice,380
Wayne,49,Governor,,LIB,David Moran,11
Wayne,49,Governor,,MTN,Charlotte Jean Pritt,27
Wayne,49,Governor,,CON,Phil Hudok,0
Wayne,50,Governor,,REP,Bill Cole,152
Wayne,50,Governor,,DEM,Jim Justice,282
Wayne,50,Governor,,LIB,David Moran,6
Wayne,50,Governor,,MTN,Charlotte Jean Pritt,28
Wayne,50,Governor,,CON,Phil Hudok,2
Wayne,51,Governor,,REP,Bill Cole,201
Wayne,51,Governor,,DEM,Jim Justice,316
Wayne,51,Governor,,LIB,David Moran,7
Wayne,51,Governor,,MTN,Charlotte Jean Pritt,20
Wayne,51,Governor,,CON,Phil Hudok,4
Wayne,52,Governor,,REP,Bill Cole,89
Wayne,52,Governor,,DEM,Jim Justice,125
Wayne,52,Governor,,LIB,David Moran,5
Wayne,52,Governor,,MTN,Charlotte Jean Pritt,15
Wayne,52,Governor,,CON,Phil Hudok,1
Wayne,53,Governor,,REP,Bill Cole,200
Wayne,53,Governor,,DEM,Jim Justice,271
Wayne,53,Governor,,LIB,David Moran,6
Wayne,53,Governor,,MTN,Charlotte Jean Pritt,19
Wayne,53,Governor,,CON,Phil Hudok,3
Wayne,54,Governor,,REP,Bill Cole,113
Wayne,54,Governor,,DEM,Jim Justice,224
Wayne,54,Governor,,LIB,David Moran,4
Wayne,54,Governor,,MTN,Charlotte Jean Pritt,13
Wayne,54,Governor,,CON,Phil Hudok,0
Wayne,56,Governor,,REP,Bill Cole,257
Wayne,56,Governor,,DEM,Jim Justice,376
Wayne,56,Governor,,LIB,David Moran,8
Wayne,56,Governor,,MTN,Charlotte Jean Pritt,25
Wayne,56,Governor,,CON,Phil Hudok,4
Wayne,57,Governor,,REP,Bill Cole,147
Wayne,57,Governor,,DEM,Jim Justice,219
Wayne,57,Governor,,LIB,David Moran,3
Wayne,57,Governor,,MTN,Charlotte Jean Pritt,27
Wayne,57,Governor,,CON,Phil Hudok,1
Wayne,59,Governor,,REP,Bill Cole,160
Wayne,59,Governor,,DEM,Jim Justice,279
Wayne,59,Governor,,LIB,David Moran,14
Wayne,59,Governor,,MTN,Charlotte Jean Pritt,22
Wayne,59,Governor,,CON,Phil Hudok,1
Wayne,60,Governor,,REP,Bill Cole,147
Wayne,60,Governor,,DEM,Jim Justice,244
Wayne,60,Governor,,LIB,David Moran,8
Wayne,60,Governor,,MTN,Charlotte Jean Pritt,23
Wayne,60,Governor,,CON,Phil Hudok,4
Wayne,61,Governor,,REP,Bill Cole,120
Wayne,61,Governor,,DEM,Jim Justice,207
Wayne,61,Governor,,LIB,David Moran,6
Wayne,61,Governor,,MTN,Charlotte Jean Pritt,16
Wayne,61,Governor,,CON,Phil Hudok,1
Wayne,62,Governor,,REP,Bill Cole,229
Wayne,62,Governor,,DEM,Jim Justice,383
Wayne,62,Governor,,LIB,David Moran,7
Wayne,62,Governor,,MTN,Charlotte Jean Pritt,33
Wayne,62,Governor,,CON,Phil Hudok,3
Wayne,63,Governor,,REP,Bill Cole,95
Wayne,63,Governor,,DEM,Jim Justice,150
Wayne,63,Governor,,LIB,David Moran,5
Wayne,63,Governor,,MTN,Charlotte Jean Pritt,14
Wayne,63,Governor,,CON,Phil Hudok,1
Wayne,Total,Governor,,REP,Bill Cole,5824
Wayne,Total,Governor,,DEM,Jim Justice,8558
Wayne,Total,Governor,,LIB,David Moran,215
Wayne,Total,Governor,,MTN,Charlotte Jean Pritt,667
Wayne,Total,Governor,,CON,Phil Hudok,77
Wayne,1,Secretary of State,,REP,Mac Warner,340
Wayne,1,Secretary of State,,DEM,Natalie Tennant,289
Wayne,1,Secretary of State,,LIB,John S. Buckley,34
Wayne,5,Secretary of State,,REP,Mac Warner,231
Wayne,5,Secretary of State,,DEM,Natalie Tennant,223
Wayne,5,Secretary of State,,LIB,John S. Buckley,18
Wayne,6,Secretary of State,,REP,Mac Warner,86
Wayne,6,Secretary of State,,DEM,Natalie Tennant,112
Wayne,6,Secretary of State,,LIB,John S. Buckley,5
Wayne,11,Secretary of State,,REP,Mac Warner,89
Wayne,11,Secretary of State,,DEM,Natalie Tennant,157
Wayne,11,Secretary of State,,LIB,John S. Buckley,0
Wayne,12,Secretary of State,,REP,Mac Warner,96
Wayne,12,Secretary of State,,DEM,Natalie Tennant,169
Wayne,12,Secretary of State,,LIB,John S. Buckley,12
Wayne,13,Secretary of State,,REP,Mac Warner,176
Wayne,13,Secretary of State,,DEM,Natalie Tennant,248
Wayne,13,Secretary of State,,LIB,John S. Buckley,25
Wayne,14,Secretary of State,,REP,Mac Warner,374
Wayne,14,Secretary of State,,DEM,Natalie Tennant,366
Wayne,14,Secretary of State,,LIB,John S. Buckley,32
Wayne,16,Secretary of State,,REP,Mac Warner,97
Wayne,16,Secretary of State,,DEM,Natalie Tennant,149
Wayne,16,Secretary of State,,LIB,John S. Buckley,9
Wayne,17,Secretary of State,,REP,Mac Warner,178
Wayne,17,Secretary of State,,DEM,Natalie Tennant,182
Wayne,17,Secretary of State,,LIB,John S. Buckley,13
Wayne,18,Secretary of State,,REP,Mac Warner,157
Wayne,18,Secretary of State,,DEM,Natalie Tennant,185
Wayne,18,Secretary of State,,LIB,John S. Buckley,20
Wayne,19,Secretary of State,,REP,Mac Warner,266
Wayne,19,Secretary of State,,DEM,Natalie Tennant,246
Wayne,19,Secretary of State,,LIB,John S. Buckley,23
Wayne,20,Secretary of State,,REP,Mac Warner,137
Wayne,20,Secretary of State,,DEM,Natalie Tennant,204
Wayne,20,Secretary of State,,LIB,John S. Buckley,9
Wayne,21,Secretary of State,,REP,Mac Warner,130
Wayne,21,Secretary of State,,DEM,Natalie Tennant,123
Wayne,21,Secretary of State,,LIB,John S. Buckley,8
Wayne,22,Secretary of State,,REP,Mac Warner,192
Wayne,22,Secretary of State,,DEM,Natalie Tennant,202
Wayne,22,Secretary of State,,LIB,John S. Buckley,16
Wayne,30,Secretary of State,,REP,Mac Warner,235
Wayne,30,Secretary of State,,DEM,Natalie Tennant,270
Wayne,30,Secretary of State,,LIB,John S. Buckley,21
Wayne,31,Secretary of State,,REP,Mac Warner,102
Wayne,31,Secretary of State,,DEM,Natalie Tennant,108
Wayne,31,Secretary of State,,LIB,John S. Buckley,5
Wayne,34,Secretary of State,,REP,Mac Warner,103
Wayne,34,Secretary of State,,DEM,Natalie Tennant,162
Wayne,34,Secretary of State,,LIB,John S. Buckley,12
Wayne,36,Secretary of State,,REP,Mac Warner,160
Wayne,36,Secretary of State,,DEM,Natalie Tennant,199
Wayne,36,Secretary of State,,LIB,John S. Buckley,12
Wayne,37,Secretary of State,,REP,Mac Warner,125
Wayne,37,Secretary of State,,DEM,Natalie Tennant,147
Wayne,37,Secretary of State,,LIB,John S. Buckley,8
Wayne,41,Secretary of State,,REP,Mac Warner,84
Wayne,41,Secretary of State,,DEM,Natalie Tennant,132
Wayne,41,Secretary of State,,LIB,John S. Buckley,4
Wayne,42,Secretary of State,,REP,Mac Warner,49
Wayne,42,Secretary of State,,DEM,Natalie Tennant,105
Wayne,42,Secretary of State,,LIB,John S. Buckley,7
Wayne,45,Secretary of State,,REP,Mac Warner,88
Wayne,45,Secretary of State,,DEM,Natalie Tennant,162
Wayne,45,Secretary of State,,LIB,John S. Buckley,19
Wayne,48,Secretary of State,,REP,Mac Warner,249
Wayne,48,Secretary of State,,DEM,Natalie Tennant,283
Wayne,48,Secretary of State,,LIB,John S. Buckley,31
Wayne,49,Secretary of State,,REP,Mac Warner,273
Wayne,49,Secretary of State,,DEM,Natalie Tennant,343
Wayne,49,Secretary of State,,LIB,John S. Buckley,28
Wayne,50,Secretary of State,,REP,Mac Warner,160
Wayne,50,Secretary of State,,DEM,Natalie Tennant,240
Wayne,50,Secretary of State,,LIB,John S. Buckley,19
Wayne,51,Secretary of State,,REP,Mac Warner,190
Wayne,51,Secretary of State,,DEM,Natalie Tennant,275
Wayne,51,Secretary of State,,LIB,John S. Buckley,29
Wayne,52,Secretary of State,,REP,Mac Warner,103
Wayne,52,Secretary of State,,DEM,Natalie Tennant,98
Wayne,52,Secretary of State,,LIB,John S. Buckley,17
Wayne,53,Secretary of State,,REP,Mac Warner,227
Wayne,53,Secretary of State,,DEM,Natalie Tennant,212
Wayne,53,Secretary of State,,LIB,John S. Buckley,23
Wayne,54,Secretary of State,,REP,Mac Warner,114
Wayne,54,Secretary of State,,DEM,Natalie Tennant,187
Wayne,54,Secretary of State,,LIB,John S. Buckley,19
Wayne,56,Secretary of State,,REP,Mac Warner,292
Wayne,56,Secretary of State,,DEM,Natalie Tennant,318
Wayne,56,Secretary of State,,LIB,John S. Buckley,20
Wayne,57,Secretary of State,,REP,Mac Warner,163
Wayne,57,Secretary of State,,DEM,Natalie Tennant,195
Wayne,57,Secretary of State,,LIB,John S. Buckley,16
Wayne,59,Secretary of State,,REP,Mac Warner,177
Wayne,59,Secretary of State,,DEM,Natalie Tennant,242
Wayne,59,Secretary of State,,LIB,John S. Buckley,30
Wayne,60,Secretary of State,,REP,Mac Warner,155
Wayne,60,Secretary of State,,DEM,Natalie Tennant,232
Wayne,60,Secretary of State,,LIB,John S. Buckley,18
Wayne,61,Secretary of State,,REP,Mac Warner,116
Wayne,61,Secretary of State,,DEM,Natalie Tennant,192
Wayne,61,Secretary of State,,LIB,John S. Buckley,18
Wayne,62,Secretary of State,,REP,Mac Warner,274
Wayne,62,Secretary of State,,DEM,Natalie Tennant,308
Wayne,62,Secretary of State,,LIB,John S. Buckley,27
Wayne,63,Secretary of State,,REP,Mac Warner,102
Wayne,63,Secretary of State,,DEM,Natalie Tennant,140
Wayne,63,Secretary of State,,LIB,John S. Buckley,14
Wayne,Total,Secretary of State,,REP,Mac Warner,6090
Wayne,Total,Secretary of State,,DEM,Natalie Tennant,7405
Wayne,Total,Secretary of State,,LIB,John S. Buckley,621
Wayne,1,Auditor,,REP,John “Jeb” Mccuskey,411
Wayne,1,Auditor,,DEM,Mary Ann Claytor,182
Wayne,1,Auditor,,LIB,Brenton Ricketts,28
Wayne,5,Auditor,,REP,John “Jeb” Mccuskey,277
Wayne,5,Auditor,,DEM,Mary Ann Claytor,153
Wayne,5,Auditor,,LIB,Brenton Ricketts,20
Wayne,6,Auditor,,REP,John “Jeb” Mccuskey,111
Wayne,6,Auditor,,DEM,Mary Ann Claytor,74
Wayne,6,Auditor,,LIB,Brenton Ricketts,5
Wayne,11,Auditor,,REP,John “Jeb” Mccuskey,121
Wayne,11,Auditor,,DEM,Mary Ann Claytor,106
Wayne,11,Auditor,,LIB,Brenton Ricketts,8
Wayne,12,Auditor,,REP,John “Jeb” Mccuskey,127
Wayne,12,Auditor,,DEM,Mary Ann Claytor,118
Wayne,12,Auditor,,LIB,Brenton Ricketts,9
Wayne,13,Auditor,,REP,John “Jeb” Mccuskey,232
Wayne,13,Auditor,,DEM,Mary Ann Claytor,177
Wayne,13,Auditor,,LIB,Brenton Ricketts,18
Wayne,14,Auditor,,REP,John “Jeb” Mccuskey,432
Wayne,14,Auditor,,DEM,Mary Ann Claytor,255
Wayne,14,Auditor,,LIB,Brenton Ricketts,35
Wayne,16,Auditor,,REP,John “Jeb” Mccuskey,147
Wayne,16,Auditor,,DEM,Mary Ann Claytor,84
Wayne,16,Auditor,,LIB,Brenton Ricketts,11
Wayne,17,Auditor,,REP,John “Jeb” Mccuskey,211
Wayne,17,Auditor,,DEM,Mary Ann Claytor,122
Wayne,17,Auditor,,LIB,Brenton Ricketts,12
Wayne,18,Auditor,,REP,John “Jeb” Mccuskey,204
Wayne,18,Auditor,,DEM,Mary Ann Claytor,118
Wayne,18,Auditor,,LIB,Brenton Ricketts,21
Wayne,19,Auditor,,REP,John “Jeb” Mccuskey,334
Wayne,19,Auditor,,DEM,Mary Ann Claytor,154
Wayne,19,Auditor,,LIB,Brenton Ricketts,27
Wayne,20,Auditor,,REP,John “Jeb” Mccuskey,188
Wayne,20,Auditor,,DEM,Mary Ann Claytor,125
Wayne,20,Auditor,,LIB,Brenton Ricketts,10
Wayne,21,Auditor,,REP,John “Jeb” Mccuskey,161
Wayne,21,Auditor,,DEM,Mary Ann Claytor,81
Wayne,21,Auditor,,LIB,Brenton Ricketts,5
Wayne,22,Auditor,,REP,John “Jeb” Mccuskey,223
Wayne,22,Auditor,,DEM,Mary Ann Claytor,153
Wayne,22,Auditor,,LIB,Brenton Ricketts,12
Wayne,30,Auditor,,REP,John “Jeb” Mccuskey,295
Wayne,30,Auditor,,DEM,Mary Ann Claytor,176
Wayne,30,Auditor,,LIB,Brenton Ricketts,16
Wayne,31,Auditor,,REP,John “Jeb” Mccuskey,127
Wayne,31,Auditor,,DEM,Mary Ann Claytor,83
Wayne,31,Auditor,,LIB,Brenton Ricketts,6
Wayne,34,Auditor,,REP,John “Jeb” Mccuskey,126
Wayne,34,Auditor,,DEM,Mary Ann Claytor,121
Wayne,34,Auditor,,LIB,Brenton Ricketts,12
Wayne,36,Auditor,,REP,John “Jeb” Mccuskey,181
Wayne,36,Auditor,,DEM,Mary Ann Claytor,142
Wayne,36,Auditor,,LIB,Brenton Ricketts,17
Wayne,37,Auditor,,REP,John “Jeb” Mccuskey,185
Wayne,37,Auditor,,DEM,Mary Ann Claytor,69
Wayne,37,Auditor,,LIB,Brenton Ricketts,9
Wayne,41,Auditor,,REP,John “Jeb” Mccuskey,97
Wayne,41,Auditor,,DEM,Mary Ann Claytor,104
Wayne,41,Auditor,,LIB,Brenton Ricketts,4
Wayne,42,Auditor,,REP,John “Jeb” Mccuskey,61
Wayne,42,Auditor,,DEM,Mary Ann Claytor,75
Wayne,42,Auditor,,LIB,Brenton Ricketts,7
Wayne,45,Auditor,,REP,John “Jeb” Mccuskey,117
Wayne,45,Auditor,,DEM,Mary Ann Claytor,122
Wayne,45,Auditor,,LIB,Brenton Ricketts,13
Wayne,48,Auditor,,REP,John “Jeb” Mccuskey,297
Wayne,48,Auditor,,DEM,Mary Ann Claytor,181
Wayne,48,Auditor,,LIB,Brenton Ricketts,36
Wayne,49,Auditor,,REP,John “Jeb” Mccuskey,347
Wayne,49,Auditor,,DEM,Mary Ann Claytor,228
Wayne,49,Auditor,,LIB,Brenton Ricketts,23
Wayne,50,Auditor,,REP,John “Jeb” Mccuskey,198
Wayne,50,Auditor,,DEM,Mary Ann Claytor,159
Wayne,50,Auditor,,LIB,Brenton Ricketts,24
Wayne,51,Auditor,,REP,John “Jeb” Mccuskey,243
Wayne,51,Auditor,,DEM,Mary Ann Claytor,172
Wayne,51,Auditor,,LIB,Brenton Ricketts,30
Wayne,52,Auditor,,REP,John “Jeb” Mccuskey,103
Wayne,52,Auditor,,DEM,Mary Ann Claytor,85
Wayne,52,Auditor,,LIB,Brenton Ricketts,21
Wayne,53,Auditor,,REP,John “Jeb” Mccuskey,267
Wayne,53,Auditor,,DEM,Mary Ann Claytor,142
Wayne,53,Auditor,,LIB,Brenton Ricketts,16
Wayne,54,Auditor,,REP,John “Jeb” Mccuskey,147
Wayne,54,Auditor,,DEM,Mary Ann Claytor,129
Wayne,54,Auditor,,LIB,Brenton Ricketts,13
Wayne,56,Auditor,,REP,John “Jeb” Mccuskey,356
Wayne,56,Auditor,,DEM,Mary Ann Claytor,204
Wayne,56,Auditor,,LIB,Brenton Ricketts,30
Wayne,57,Auditor,,REP,John “Jeb” Mccuskey,198
Wayne,57,Auditor,,DEM,Mary Ann Claytor,121
Wayne,57,Auditor,,LIB,Brenton Ricketts,22
Wayne,59,Auditor,,REP,John “Jeb” Mccuskey,231
Wayne,59,Auditor,,DEM,Mary Ann Claytor,165
Wayne,59,Auditor,,LIB,Brenton Ricketts,31
Wayne,60,Auditor,,REP,John “Jeb” Mccuskey,189
Wayne,60,Auditor,,DEM,Mary Ann Claytor,163
Wayne,60,Auditor,,LIB,Brenton Ricketts,20
Wayne,61,Auditor,,REP,John “Jeb” Mccuskey,161
Wayne,61,Auditor,,DEM,Mary Ann Claytor,140
Wayne,61,Auditor,,LIB,Brenton Ricketts,12
Wayne,62,Auditor,,REP,John “Jeb” Mccuskey,334
Wayne,62,Auditor,,DEM,Mary Ann Claytor,192
Wayne,62,Auditor,,LIB,Brenton Ricketts,26
Wayne,63,Auditor,,REP,John “Jeb” Mccuskey,124
Wayne,63,Auditor,,DEM,Mary Ann Claytor,102
Wayne,63,Auditor,,LIB,Brenton Ricketts,18
Wayne,Total,Auditor,,REP,John “Jeb” Mccuskey,7563
Wayne,Total,Auditor,,DEM,Mary Ann Claytor,4977
Wayne,Total,Auditor,,LIB,Brenton Ricketts,627
Wayne,1,State Treasurer,,REP,Ann Urling,285
Wayne,1,State Treasurer,,DEM,John D. Perdue,334
Wayne,1,State Treasurer,,LIB,Michael Allen Young,31
Wayne,5,State Treasurer,,REP,Ann Urling,198
Wayne,5,State Treasurer,,DEM,John D. Perdue,241
Wayne,5,State Treasurer,,LIB,Michael Allen Young,28
Wayne,6,State Treasurer,,REP,Ann Urling,83
Wayne,6,State Treasurer,,DEM,John D. Perdue,109
Wayne,6,State Treasurer,,LIB,Michael Allen Young,10
Wayne,11,State Treasurer,,REP,Ann Urling,75
Wayne,11,State Treasurer,,DEM,John D. Perdue,160
Wayne,11,State Treasurer,,LIB,Michael Allen Young,11
Wayne,12,State Treasurer,,REP,Ann Urling,79
Wayne,12,State Treasurer,,DEM,John D. Perdue,177
Wayne,12,State Treasurer,,LIB,Michael Allen Young,13
Wayne,13,State Treasurer,,REP,Ann Urling,171
Wayne,13,State Treasurer,,DEM,John D. Perdue,232
Wayne,13,State Treasurer,,LIB,Michael Allen Young,26
Wayne,14,State Treasurer,,REP,Ann Urling,328
Wayne,14,State Treasurer,,DEM,John D. Perdue,391
Wayne,14,State Treasurer,,LIB,Michael Allen Young,37
Wayne,16,State Treasurer,,REP,Ann Urling,89
Wayne,16,State Treasurer,,DEM,John D. Perdue,146
Wayne,16,State Treasurer,,LIB,Michael Allen Young,13
Wayne,17,State Treasurer,,REP,Ann Urling,147
Wayne,17,State Treasurer,,DEM,John D. Perdue,205
Wayne,17,State Treasurer,,LIB,Michael Allen Young,11
Wayne,18,State Treasurer,,REP,Ann Urling,158
Wayne,18,State Treasurer,,DEM,John D. Perdue,177
Wayne,18,State Treasurer,,LIB,Michael Allen Young,23
Wayne,19,State Treasurer,,REP,Ann Urling,230
Wayne,19,State Treasurer,,DEM,John D. Perdue,280
Wayne,19,State Treasurer,,LIB,Michael Allen Young,23
Wayne,20,State Treasurer,,REP,Ann Urling,120
Wayne,20,State Treasurer,,DEM,John D. Perdue,205
Wayne,20,State Treasurer,,LIB,Michael Allen Young,13
Wayne,21,State Treasurer,,REP,Ann Urling,115
Wayne,21,State Treasurer,,DEM,John D. Perdue,132
Wayne,21,State Treasurer,,LIB,Michael Allen Young,6
Wayne,22,State Treasurer,,REP,Ann Urling,155
Wayne,22,State Treasurer,,DEM,John D. Perdue,219
Wayne,22,State Treasurer,,LIB,Michael Allen Young,30
Wayne,30,State Treasurer,,REP,Ann Urling,197
Wayne,30,State Treasurer,,DEM,John D. Perdue,306
Wayne,30,State Treasurer,,LIB,Michael Allen Young,16
Wayne,31,State Treasurer,,REP,Ann Urling,87
Wayne,31,State Treasurer,,DEM,John D. Perdue,131
Wayne,31,State Treasurer,,LIB,Michael Allen Young,8
Wayne,34,State Treasurer,,REP,Ann Urling,87
Wayne,34,State Treasurer,,DEM,John D. Perdue,174
Wayne,34,State Treasurer,,LIB,Michael Allen Young,15
Wayne,36,State Treasurer,,REP,Ann Urling,135
Wayne,36,State Treasurer,,DEM,John D. Perdue,211
Wayne,36,State Treasurer,,LIB,Michael Allen Young,21
Wayne,37,State Treasurer,,REP,Ann Urling,124
Wayne,37,State Treasurer,,DEM,John D. Perdue,138
Wayne,37,State Treasurer,,LIB,Michael Allen Young,14
Wayne,41,State Treasurer,,REP,Ann Urling,62
Wayne,41,State Treasurer,,DEM,John D. Perdue,145
Wayne,41,State Treasurer,,LIB,Michael Allen Young,10
Wayne,42,State Treasurer,,REP,Ann Urling,40
Wayne,42,State Treasurer,,DEM,John D. Perdue,118
Wayne,42,State Treasurer,,LIB,Michael Allen Young,8
Wayne,45,State Treasurer,,REP,Ann Urling,76
Wayne,45,State Treasurer,,DEM,John D. Perdue,157
Wayne,45,State Treasurer,,LIB,Michael Allen Young,29
Wayne,48,State Treasurer,,REP,Ann Urling,227
Wayne,48,State Treasurer,,DEM,John D. Perdue,299
Wayne,48,State Treasurer,,LIB,Michael Allen Young,27
Wayne,49,State Treasurer,,REP,Ann Urling,243
Wayne,49,State Treasurer,,DEM,John D. Perdue,351
Wayne,49,State Treasurer,,LIB,Michael Allen Young,38
Wayne,50,State Treasurer,,REP,Ann Urling,136
Wayne,50,State Treasurer,,DEM,John D. Perdue,258
Wayne,50,State Treasurer,,LIB,Michael Allen Young,23
Wayne,51,State Treasurer,,REP,Ann Urling,155
Wayne,51,State Treasurer,,DEM,John D. Perdue,296
Wayne,51,State Treasurer,,LIB,Michael Allen Young,27
Wayne,52,State Treasurer,,REP,Ann Urling,81
Wayne,52,State Treasurer,,DEM,John D. Perdue,121
Wayne,52,State Treasurer,,LIB,Michael Allen Young,19
Wayne,53,State Treasurer,,REP,Ann Urling,184
Wayne,53,State Treasurer,,DEM,John D. Perdue,245
Wayne,53,State Treasurer,,LIB,Michael Allen Young,19
Wayne,54,State Treasurer,,REP,Ann Urling,85
Wayne,54,State Treasurer,,DEM,John D. Perdue,203
Wayne,54,State Treasurer,,LIB,Michael Allen Young,13
Wayne,56,State Treasurer,,REP,Ann Urling,276
Wayne,56,State Treasurer,,DEM,John D. Perdue,297
Wayne,56,State Treasurer,,LIB,Michael Allen Young,31
Wayne,57,State Treasurer,,REP,Ann Urling,145
Wayne,57,State Treasurer,,DEM,John D. Perdue,198
Wayne,57,State Treasurer,,LIB,Michael Allen Young,20
Wayne,59,State Treasurer,,REP,Ann Urling,163
Wayne,59,State Treasurer,,DEM,John D. Perdue,246
Wayne,59,State Treasurer,,LIB,Michael Allen Young,30
Wayne,60,State Treasurer,,REP,Ann Urling,162
Wayne,60,State Treasurer,,DEM,John D. Perdue,200
Wayne,60,State Treasurer,,LIB,Michael Allen Young,21
Wayne,61,State Treasurer,,REP,Ann Urling,122
Wayne,61,State Treasurer,,DEM,John D. Perdue,177
Wayne,61,State Treasurer,,LIB,Michael Allen Young,16
Wayne,62,State Treasurer,,REP,Ann Urling,249
Wayne,62,State Treasurer,,DEM,John D. Perdue,298
Wayne,62,State Treasurer,,LIB,Michael Allen Young,33
Wayne,63,State Treasurer,,REP,Ann Urling,99
Wayne,63,State Treasurer,,DEM,John D. Perdue,135
Wayne,63,State Treasurer,,LIB,Michael Allen Young,19
Wayne,Total,State Treasurer,,REP,Ann Urling,5368
Wayne,Total,State Treasurer,,DEM,John D. Perdue,7712
Wayne,Total,State Treasurer,,LIB,Michael Allen Young,732
Wayne,1,Commissioner of Agriculture,,REP,Kent Leonhardt,366
Wayne,1,Commissioner of Agriculture,,DEM,Walt Helmick,199
Wayne,1,Commissioner of Agriculture,,LIB,Buddy A. Guthrie,61
Wayne,5,Commissioner of Agriculture,,REP,Kent Leonhardt,218
Wayne,5,Commissioner of Agriculture,,DEM,Walt Helmick,179
Wayne,5,Commissioner of Agriculture,,LIB,Buddy A. Guthrie,40
Wayne,6,Commissioner of Agriculture,,REP,Kent Leonhardt,107
Wayne,6,Commissioner of Agriculture,,DEM,Walt Helmick,70
Wayne,6,Commissioner of Agriculture,,LIB,Buddy A. Guthrie,12
Wayne,11,Commissioner of Agriculture,,REP,Kent Leonhardt,102
Wayne,11,Commissioner of Agriculture,,DEM,Walt Helmick,114
Wayne,11,Commissioner of Agriculture,,LIB,Buddy A. Guthrie,23
Wayne,12,Commissioner of Agriculture,,REP,Kent Leonhardt,103
Wayne,12,Commissioner of Agriculture,,DEM,Walt Helmick,130
Wayne,12,Commissioner of Agriculture,,LIB,Buddy A. Guthrie,20
Wayne,13,Commissioner of Agriculture,,REP,Kent Leonhardt,208
Wayne,13,Commissioner of Agriculture,,DEM,Walt Helmick,161
Wayne,13,Commissioner of Agriculture,,LIB,Buddy A. Guthrie,49
Wayne,14,Commissioner of Agriculture,,REP,Kent Leonhardt,386
Wayne,14,Commissioner of Agriculture,,DEM,Walt Helmick,279
Wayne,14,Commissioner of Agriculture,,LIB,Buddy A. Guthrie,58
Wayne,16,Commissioner of Agriculture,,REP,Kent Leonhardt,102
Wayne,16,Commissioner of Agriculture,,DEM,Walt Helmick,110
Wayne,16,Commissioner of Agriculture,,LIB,Buddy A. Guthrie,22
Wayne,17,Commissioner of Agriculture,,REP,Kent Leonhardt,175
Wayne,17,Commissioner of Agriculture,,DEM,Walt Helmick,139
Wayne,17,Commissioner of Agriculture,,LIB,Buddy A. Guthrie,26
Wayne,18,Commissioner of Agriculture,,REP,Kent Leonhardt,169
Wayne,18,Commissioner of Agriculture,,DEM,Walt Helmick,139
Wayne,18,Commissioner of Agriculture,,LIB,Buddy A. Guthrie,37
Wayne,19,Commissioner of Agriculture,,REP,Kent Leonhardt,277
Wayne,19,Commissioner of Agriculture,,DEM,Walt Helmick,191
Wayne,19,Commissioner of Agriculture,,LIB,Buddy A. Guthrie,49
Wayne,20,Commissioner of Agriculture,,REP,Kent Leonhardt,151
Wayne,20,Commissioner of Agriculture,,DEM,Walt Helmick,130
Wayne,20,Commissioner of Agriculture,,LIB,Buddy A. Guthrie,28
Wayne,21,Commissioner of Agriculture,,REP,Kent Leonhardt,136
Wayne,21,Commissioner of Agriculture,,DEM,Walt Helmick,77
Wayne,21,Commissioner of Agriculture,,LIB,Buddy A. Guthrie,16
Wayne,22,Commissioner of Agriculture,,REP,Kent Leonhardt,189
Wayne,22,Commissioner of Agriculture,,DEM,Walt Helmick,165
Wayne,22,Commissioner of Agriculture,,LIB,Buddy A. Guthrie,36
Wayne,30,Commissioner of Agriculture,,REP,Kent Leonhardt,237
Wayne,30,Commissioner of Agriculture,,DEM,Walt Helmick,214
Wayne,30,Commissioner of Agriculture,,LIB,Buddy A. Guthrie,42
Wayne,31,Commissioner of Agriculture,,REP,Kent Leonhardt,107
Wayne,31,Commissioner of Agriculture,,DEM,Walt Helmick,98
Wayne,31,Commissioner of Agriculture,,LIB,Buddy A. Guthrie,9
Wayne,34,Commissioner of Agriculture,,REP,Kent Leonhardt,104
Wayne,34,Commissioner of Agriculture,,DEM,Walt Helmick,131
Wayne,34,Commissioner of Agriculture,,LIB,Buddy A. Guthrie,21
Wayne,36,Commissioner of Agriculture,,REP,Kent Leonhardt,165
Wayne,36,Commissioner of Agriculture,,DEM,Walt Helmick,173
Wayne,36,Commissioner of Agriculture,,LIB,Buddy A. Guthrie,20
Wayne,37,Commissioner of Agriculture,,REP,Kent Leonhardt,156
Wayne,37,Commissioner of Agriculture,,DEM,Walt Helmick,83
Wayne,37,Commissioner of Agriculture,,LIB,Buddy A. Guthrie,21
Wayne,41,Commissioner of Agriculture,,REP,Kent Leonhardt,71
Wayne,41,Commissioner of Agriculture,,DEM,Walt Helmick,123
Wayne,41,Commissioner of Agriculture,,LIB,Buddy A. Guthrie,13
Wayne,42,Commissioner of Agriculture,,REP,Kent Leonhardt,54
Wayne,42,Commissioner of Agriculture,,DEM,Walt Helmick,91
Wayne,42,Commissioner of Agriculture,,LIB,Buddy A. Guthrie,15
Wayne,45,Commissioner of Agriculture,,REP,Kent Leonhardt,93
Wayne,45,Commissioner of Agriculture,,DEM,Walt Helmick,130
Wayne,45,Commissioner of Agriculture,,LIB,Buddy A. Guthrie,24
Wayne,48,Commissioner of Agriculture,,REP,Kent Leonhardt,274
Wayne,48,Commissioner of Agriculture,,DEM,Walt Helmick,215
Wayne,48,Commissioner of Agriculture,,LIB,Buddy A. Guthrie,39
Wayne,49,Commissioner of Agriculture,,REP,Kent Leonhardt,293
Wayne,49,Commissioner of Agriculture,,DEM,Walt Helmick,248
Wayne,49,Commissioner of Agriculture,,LIB,Buddy A. Guthrie,49
Wayne,50,Commissioner of Agriculture,,REP,Kent Leonhardt,165
Wayne,50,Commissioner of Agriculture,,DEM,Walt Helmick,185
Wayne,50,Commissioner of Agriculture,,LIB,Buddy A. Guthrie,34
Wayne,51,Commissioner of Agriculture,,REP,Kent Leonhardt,187
Wayne,51,Commissioner of Agriculture,,DEM,Walt Helmick,213
Wayne,51,Commissioner of Agriculture,,LIB,Buddy A. Guthrie,49
Wayne,52,Commissioner of Agriculture,,REP,Kent Leonhardt,97
Wayne,52,Commissioner of Agriculture,,DEM,Walt Helmick,89
Wayne,52,Commissioner of Agriculture,,LIB,Buddy A. Guthrie,23
Wayne,53,Commissioner of Agriculture,,REP,Kent Leonhardt,225
Wayne,53,Commissioner of Agriculture,,DEM,Walt Helmick,169
Wayne,53,Commissioner of Agriculture,,LIB,Buddy A. Guthrie,31
Wayne,54,Commissioner of Agriculture,,REP,Kent Leonhardt,119
Wayne,54,Commissioner of Agriculture,,DEM,Walt Helmick,150
Wayne,54,Commissioner of Agriculture,,LIB,Buddy A. Guthrie,27
Wayne,56,Commissioner of Agriculture,,REP,Kent Leonhardt,303
Wayne,56,Commissioner of Agriculture,,DEM,Walt Helmick,240
Wayne,56,Commissioner of Agriculture,,LIB,Buddy A. Guthrie,40
Wayne,57,Commissioner of Agriculture,,REP,Kent Leonhardt,166
Wayne,57,Commissioner of Agriculture,,DEM,Walt Helmick,144
Wayne,57,Commissioner of Agriculture,,LIB,Buddy A. Guthrie,29
Wayne,59,Commissioner of Agriculture,,REP,Kent Leonhardt,213
Wayne,59,Commissioner of Agriculture,,DEM,Walt Helmick,165
Wayne,59,Commissioner of Agriculture,,LIB,Buddy A. Guthrie,39
Wayne,60,Commissioner of Agriculture,,REP,Kent Leonhardt,182
Wayne,60,Commissioner of Agriculture,,DEM,Walt Helmick,167
Wayne,60,Commissioner of Agriculture,,LIB,Buddy A. Guthrie,21
Wayne,61,Commissioner of Agriculture,,REP,Kent Leonhardt,139
Wayne,61,Commissioner of Agriculture,,DEM,Walt Helmick,135
Wayne,61,Commissioner of Agriculture,,LIB,Buddy A. Guthrie,30
Wayne,62,Commissioner of Agriculture,,REP,Kent Leonhardt,290
Wayne,62,Commissioner of Agriculture,,DEM,Walt Helmick,211
Wayne,62,Commissioner of Agriculture,,LIB,Buddy A. Guthrie,41
Wayne,63,Commissioner of Agriculture,,REP,Kent Leonhardt,103
Wayne,63,Commissioner of Agriculture,,DEM,Walt Helmick,101
Wayne,63,Commissioner of Agriculture,,LIB,Buddy A. Guthrie,32
Wayne,Total,Commissioner of Agriculture,,REP,Kent Leonhardt,6432
Wayne,Total,Commissioner of Agriculture,,DEM,Walt Helmick,5558
Wayne,Total,Commissioner of Agriculture,,LIB,Buddy A. Guthrie,1126
Wayne,1,Attorney General,,REP,Patrick Morrisey,363
Wayne,1,Attorney General,,DEM,Doug Reynolds,316
Wayne,1,Attorney General,,LIB,Karl Kolenich,11
Wayne,1,Attorney General,,MTN,Michael Sharley,9
Wayne,5,Attorney General,,REP,Patrick Morrisey,246
Wayne,5,Attorney General,,DEM,Doug Reynolds,232
Wayne,5,Attorney General,,LIB,Karl Kolenich,15
Wayne,5,Attorney General,,MTN,Michael Sharley,3
Wayne,6,Attorney General,,REP,Patrick Morrisey,110
Wayne,6,Attorney General,,DEM,Doug Reynolds,106
Wayne,6,Attorney General,,LIB,Karl Kolenich,3
Wayne,6,Attorney General,,MTN,Michael Sharley,1
Wayne,11,Attorney General,,REP,Patrick Morrisey,91
Wayne,11,Attorney General,,DEM,Doug Reynolds,159
Wayne,11,Attorney General,,LIB,Karl Kolenich,3
Wayne,11,Attorney General,,MTN,Michael Sharley,3
Wayne,12,Attorney General,,REP,Patrick Morrisey,108
Wayne,12,Attorney General,,DEM,Doug Reynolds,175
Wayne,12,Attorney General,,LIB,Karl Kolenich,8
Wayne,12,Attorney General,,MTN,Michael Sharley,3
Wayne,13,Attorney General,,REP,Patrick Morrisey,187
Wayne,13,Attorney General,,DEM,Doug Reynolds,261
Wayne,13,Attorney General,,LIB,Karl Kolenich,8
Wayne,13,Attorney General,,MTN,Michael Sharley,6
Wayne,14,Attorney General,,REP,Patrick Morrisey,357
Wayne,14,Attorney General,,DEM,Doug Reynolds,429
Wayne,14,Attorney General,,LIB,Karl Kolenich,14
Wayne,14,Attorney General,,MTN,Michael Sharley,8
Wayne,16,Attorney General,,REP,Patrick Morrisey,111
Wayne,16,Attorney General,,DEM,Doug Reynolds,152
Wayne,16,Attorney General,,LIB,Karl Kolenich,4
Wayne,16,Attorney General,,MTN,Michael Sharley,1
Wayne,17,Attorney General,,REP,Patrick Morrisey,171
Wayne,17,Attorney General,,DEM,Doug Reynolds,212
Wayne,17,Attorney General,,LIB,Karl Kolenich,6
Wayne,17,Attorney General,,MTN,Michael Sharley,1
Wayne,18,Attorney General,,REP,Patrick Morrisey,168
Wayne,18,Attorney General,,DEM,Doug Reynolds,195
Wayne,18,Attorney General,,LIB,Karl Kolenich,7
Wayne,18,Attorney General,,MTN,Michael Sharley,4
Wayne,19,Attorney General,,REP,Patrick Morrisey,268
Wayne,19,Attorney General,,DEM,Doug Reynolds,284
Wayne,19,Attorney General,,LIB,Karl Kolenich,10
Wayne,19,Attorney General,,MTN,Michael Sharley,5
Wayne,20,Attorney General,,REP,Patrick Morrisey,137
Wayne,20,Attorney General,,DEM,Doug Reynolds,224
Wayne,20,Attorney General,,LIB,Karl Kolenich,5
Wayne,20,Attorney General,,MTN,Michael Sharley,4
Wayne,21,Attorney General,,REP,Patrick Morrisey,115
Wayne,21,Attorney General,,DEM,Doug Reynolds,152
Wayne,21,Attorney General,,LIB,Karl Kolenich,3
Wayne,21,Attorney General,,MTN,Michael Sharley,0
Wayne,22,Attorney General,,REP,Patrick Morrisey,188
Wayne,22,Attorney General,,DEM,Doug Reynolds,227
Wayne,22,Attorney General,,LIB,Karl Kolenich,8
Wayne,22,Attorney General,,MTN,Michael Sharley,7
Wayne,30,Attorney General,,REP,Patrick Morrisey,280
Wayne,30,Attorney General,,DEM,Doug Reynolds,279
Wayne,30,Attorney General,,LIB,Karl Kolenich,8
Wayne,30,Attorney General,,MTN,Michael Sharley,7
Wayne,31,Attorney General,,REP,Patrick Morrisey,112
Wayne,31,Attorney General,,DEM,Doug Reynolds,118
Wayne,31,Attorney General,,LIB,Karl Kolenich,3
Wayne,31,Attorney General,,MTN,Michael Sharley,1
Wayne,34,Attorney General,,REP,Patrick Morrisey,108
Wayne,34,Attorney General,,DEM,Doug Reynolds,178
Wayne,34,Attorney General,,LIB,Karl Kolenich,6
Wayne,34,Attorney General,,MTN,Michael Sharley,9
Wayne,36,Attorney General,,REP,Patrick Morrisey,197
Wayne,36,Attorney General,,DEM,Doug Reynolds,203
Wayne,36,Attorney General,,LIB,Karl Kolenich,8
Wayne,36,Attorney General,,MTN,Michael Sharley,5
Wayne,37,Attorney General,,REP,Patrick Morrisey,151
Wayne,37,Attorney General,,DEM,Doug Reynolds,158
Wayne,37,Attorney General,,LIB,Karl Kolenich,1
Wayne,37,Attorney General,,MTN,Michael Sharley,2
Wayne,41,Attorney General,,REP,Patrick Morrisey,96
Wayne,41,Attorney General,,DEM,Doug Reynolds,128
Wayne,41,Attorney General,,LIB,Karl Kolenich,3
Wayne,41,Attorney General,,MTN,Michael Sharley,2
Wayne,42,Attorney General,,REP,Patrick Morrisey,59
Wayne,42,Attorney General,,DEM,Doug Reynolds,112
Wayne,42,Attorney General,,LIB,Karl Kolenich,4
Wayne,42,Attorney General,,MTN,Michael Sharley,1
Wayne,45,Attorney General,,REP,Patrick Morrisey,114
Wayne,45,Attorney General,,DEM,Doug Reynolds,161
Wayne,45,Attorney General,,LIB,Karl Kolenich,9
Wayne,45,Attorney General,,MTN,Michael Sharley,4
Wayne,48,Attorney General,,REP,Patrick Morrisey,249
Wayne,48,Attorney General,,DEM,Doug Reynolds,314
Wayne,48,Attorney General,,LIB,Karl Kolenich,14
Wayne,48,Attorney General,,MTN,Michael Sharley,5
Wayne,49,Attorney General,,REP,Patrick Morrisey,270
Wayne,49,Attorney General,,DEM,Doug Reynolds,385
Wayne,49,Attorney General,,LIB,Karl Kolenich,13
Wayne,49,Attorney General,,MTN,Michael Sharley,5
Wayne,50,Attorney General,,REP,Patrick Morrisey,171
Wayne,50,Attorney General,,DEM,Doug Reynolds,267
Wayne,50,Attorney General,,LIB,Karl Kolenich,5
Wayne,50,Attorney General,,MTN,Michael Sharley,3
Wayne,51,Attorney General,,REP,Patrick Morrisey,210
Wayne,51,Attorney General,,DEM,Doug Reynolds,296
Wayne,51,Attorney General,,LIB,Karl Kolenich,10
Wayne,51,Attorney General,,MTN,Michael Sharley,11
Wayne,52,Attorney General,,REP,Patrick Morrisey,101
Wayne,52,Attorney General,,DEM,Doug Reynolds,117
Wayne,52,Attorney General,,LIB,Karl Kolenich,10
Wayne,52,Attorney General,,MTN,Michael Sharley,1
Wayne,53,Attorney General,,REP,Patrick Morrisey,228
Wayne,53,Attorney General,,DEM,Doug Reynolds,237
Wayne,53,Attorney General,,LIB,Karl Kolenich,11
Wayne,53,Attorney General,,MTN,Michael Sharley,3
Wayne,54,Attorney General,,REP,Patrick Morrisey,128
Wayne,54,Attorney General,,DEM,Doug Reynolds,208
Wayne,54,Attorney General,,LIB,Karl Kolenich,4
Wayne,54,Attorney General,,MTN,Michael Sharley,2
Wayne,56,Attorney General,,REP,Patrick Morrisey,287
Wayne,56,Attorney General,,DEM,Doug Reynolds,368
Wayne,56,Attorney General,,LIB,Karl Kolenich,5
Wayne,56,Attorney General,,MTN,Michael Sharley,5
Wayne,57,Attorney General,,REP,Patrick Morrisey,153
Wayne,57,Attorney General,,DEM,Doug Reynolds,222
Wayne,57,Attorney General,,LIB,Karl Kolenich,9
Wayne,57,Attorney General,,MTN,Michael Sharley,5
Wayne,59,Attorney General,,REP,Patrick Morrisey,167
Wayne,59,Attorney General,,DEM,Doug Reynolds,283
Wayne,59,Attorney General,,LIB,Karl Kolenich,13
Wayne,59,Attorney General,,MTN,Michael Sharley,9
Wayne,60,Attorney General,,REP,Patrick Morrisey,158
Wayne,60,Attorney General,,DEM,Doug Reynolds,252
Wayne,60,Attorney General,,LIB,Karl Kolenich,5
Wayne,60,Attorney General,,MTN,Michael Sharley,7
Wayne,61,Attorney General,,REP,Patrick Morrisey,130
Wayne,61,Attorney General,,DEM,Doug Reynolds,213
Wayne,61,Attorney General,,LIB,Karl Kolenich,5
Wayne,61,Attorney General,,MTN,Michael Sharley,2
Wayne,62,Attorney General,,REP,Patrick Morrisey,263
Wayne,62,Attorney General,,DEM,Doug Reynolds,352
Wayne,62,Attorney General,,LIB,Karl Kolenich,10
Wayne,62,Attorney General,,MTN,Michael Sharley,9
Wayne,63,Attorney General,,REP,Patrick Morrisey,99
Wayne,63,Attorney General,,DEM,Doug Reynolds,157
Wayne,63,Attorney General,,LIB,Karl Kolenich,11
Wayne,63,Attorney General,,MTN,Michael Sharley,1
Wayne,Total,Attorney General,,REP,Patrick Morrisey,6351
Wayne,Total,Attorney General,,DEM,Doug Reynolds,8132
Wayne,Total,Attorney General,,LIB,Karl Kolenich,272
Wayne,Total,Attorney General,,MTN,Michael Sharley,154
Wayne,11,State Senate,5,REP,Tyson Smith,101
Wayne,11,State Senate,5,DEM,Robert H. “Bob” Plymale,155
Wayne,12,State Senate,5,REP,Tyson Smith,93
Wayne,12,State Senate,5,DEM,Robert H. “Bob” Plymale,198
Wayne,13,State Senate,5,REP,Tyson Smith,214
Wayne,13,State Senate,5,DEM,Robert H. “Bob” Plymale,248
Wayne,14,State Senate,5,REP,Tyson Smith,376
Wayne,14,State Senate,5,DEM,Robert H. “Bob” Plymale,429
Wayne,16,State Senate,5,REP,Tyson Smith,115
Wayne,16,State Senate,5,DEM,Robert H. “Bob” Plymale,157
Wayne,17,State Senate,5,REP,Tyson Smith,155
Wayne,17,State Senate,5,DEM,Robert H. “Bob” Plymale,225
Wayne,20,State Senate,5,REP,Tyson Smith,159
Wayne,20,State Senate,5,DEM,Robert H. “Bob” Plymale,214
Wayne,21,State Senate,5,REP,Tyson Smith,113
Wayne,21,State Senate,5,DEM,Robert H. “Bob” Plymale,160
Wayne,56,State Senate,5,REP,Tyson Smith,302
Wayne,56,State Senate,5,DEM,Robert H. “Bob” Plymale,351
Wayne,57,State Senate,5,REP,Tyson Smith,158
Wayne,57,State Senate,5,DEM,Robert H. “Bob” Plymale,228
Wayne,59,State Senate,5,REP,Tyson Smith,183
Wayne,59,State Senate,5,DEM,Robert H. “Bob” Plymale,275
Wayne,60,State Senate,5,REP,Tyson Smith,155
Wayne,60,State Senate,5,DEM,Robert H. “Bob” Plymale,258
Wayne,61,State Senate,5,REP,Tyson Smith,122
Wayne,61,State Senate,5,DEM,Robert H. “Bob” Plymale,219
Wayne,62,State Senate,5,REP,Tyson Smith,290
Wayne,62,State Senate,5,DEM,Robert H. “Bob” Plymale,332
Wayne,63,State Senate,5,REP,Tyson Smith,105
Wayne,63,State Senate,5,DEM,Robert H. “Bob” Plymale,154
Wayne,Total,State Senate,5,REP,Tyson Smith,2641
Wayne,Total,State Senate,5,DEM,Robert H. “Bob” Plymale,3603
Wayne,1,State Senate,6,REP,Chandler Swope,323
Wayne,1,State Senate,6,DEM,Rockwell “Rocky” Seay,295
Wayne,5,State Senate,6,REP,Chandler Swope,223
Wayne,5,State Senate,6,DEM,Rockwell “Rocky” Seay,226
Wayne,6,State Senate,6,REP,Chandler Swope,89
Wayne,6,State Senate,6,DEM,Rockwell “Rocky” Seay,103
Wayne,18,State Senate,6,REP,Chandler Swope,178
Wayne,18,State Senate,6,DEM,Rockwell “Rocky” Seay,158
Wayne,30,State Senate,6,REP,Chandler Swope,244
Wayne,30,State Senate,6,DEM,Rockwell “Rocky” Seay,240
Wayne,31,State Senate,6,REP,Chandler Swope,103
Wayne,31,State Senate,6,DEM,Rockwell “Rocky” Seay,113
Wayne,34,State Senate,6,REP,Chandler Swope,100
Wayne,34,State Senate,6,DEM,Rockwell “Rocky” Seay,164
Wayne,36,State Senate,6,REP,Chandler Swope,172
Wayne,36,State Senate,6,DEM,Rockwell “Rocky” Seay,183
Wayne,37,State Senate,6,REP,Chandler Swope,132
Wayne,37,State Senate,6,DEM,Rockwell “Rocky” Seay,135
Wayne,Total,State Senate,6,REP,Chandler Swope,1564
Wayne,Total,State Senate,6,DEM,Rockwell “Rocky” Seay,1617
Wayne,19,State Senate,7,REP,Jordan Ray Bridges,343
Wayne,19,State Senate,7,DEM,Richard N. Ojeda Ii,167
Wayne,22,State Senate,7,REP,Jordan Ray Bridges,222
Wayne,22,State Senate,7,DEM,Richard N. Ojeda Ii,162
Wayne,41,State Senate,7,REP,Jordan Ray Bridges,84
Wayne,41,State Senate,7,DEM,Richard N. Ojeda Ii,124
Wayne,42,State Senate,7,REP,Jordan Ray Bridges,58
Wayne,42,State Senate,7,DEM,Richard N. Ojeda Ii,106
Wayne,45,State Senate,7,REP,Jordan Ray Bridges,135
Wayne,45,State Senate,7,DEM,Richard N. Ojeda Ii,117
Wayne,48,State Senate,7,REP,Jordan Ray Bridges,293
Wayne,48,State Senate,7,DEM,Richard N. Ojeda Ii,222
Wayne,49,State Senate,7,REP,Jordan Ray Bridges,339
Wayne,49,State Senate,7,DEM,Richard N. Ojeda Ii,253
Wayne,50,State Senate,7,REP,Jordan Ray Bridges,193
Wayne,50,State Senate,7,DEM,Richard N. Ojeda Ii,192
Wayne,51,State Senate,7,REP,Jordan Ray Bridges,238
Wayne,51,State Senate,7,DEM,Richard N. Ojeda Ii,207
Wayne,52,State Senate,7,REP,Jordan Ray Bridges,105
Wayne,52,State Senate,7,DEM,Richard N. Ojeda Ii,103
Wayne,53,State Senate,7,REP,Jordan Ray Bridges,247
Wayne,53,State Senate,7,DEM,Richard N. Ojeda Ii,169
Wayne,54,State Senate,7,REP,Jordan Ray Bridges,139
Wayne,54,State Senate,7,DEM,Richard N. Ojeda Ii,153
Wayne,Total,State Senate,7,REP,Jordan Ray Bridges,2396
Wayne,Total,State Senate,7,DEM,Richard N. Ojeda Ii,1975
Wayne,56,State House,17,REP,Anne Brockus Dandelet,234
Wayne,56,State House,17,REP,Matthew Rohrbach,379
Wayne,56,State House,17,DEM,Joe M. Fincham,130
Wayne,56,State House,17,DEM,Chad Lovejoy,265
Wayne,59,State House,17,REP,Anne Brockus Dandelet,158
Wayne,59,State House,17,REP,Matthew Rohrbach,260
Wayne,59,State House,17,DEM,Joe M. Fincham,96
Wayne,59,State House,17,DEM,Chad Lovejoy,202
Wayne,60,State House,17,REP,Anne Brockus Dandelet,141
Wayne,60,State House,17,REP,Matthew Rohrbach,243
Wayne,60,State House,17,DEM,Joe M. Fincham,95
Wayne,60,State House,17,DEM,Chad Lovejoy,175
Wayne,61,State House,17,REP,Anne Brockus Dandelet,105
Wayne,61,State House,17,REP,Matthew Rohrbach,191
Wayne,61,State House,17,DEM,Joe M. Fincham,76
Wayne,61,State House,17,DEM,Chad Lovejoy,163
Wayne,63,State House,17,REP,Anne Brockus Dandelet,90
Wayne,63,State House,17,REP,Matthew Rohrbach,147
Wayne,63,State House,17,DEM,Joe M. Fincham,63
Wayne,63,State House,17,DEM,Chad Lovejoy,128
Wayne,Total,State House,17,REP,Anne Brockus Dandelet,728
Wayne,Total,State House,17,REP,Matthew Rohrbach,1220
Wayne,Total,State House,17,DEM,Joe M. Fincham,460
Wayne,Total,State House,17,DEM,Chad Lovejoy,933
Wayne,1,State House,19,REP,John D. Creamer,148
Wayne,1,State House,19,REP,Mark Ross,403
Wayne,1,State House,19,DEM,Robert Thompson,219
Wayne,1,State House,19,DEM,Ken Hicks,107
Wayne,1,State House,19,LIB,Derrick Evans,279
Wayne,5,State House,19,REP,John D. Creamer,105
Wayne,5,State House,19,REP,Mark Ross,264
Wayne,5,State House,19,DEM,Robert Thompson,172
Wayne,5,State House,19,DEM,Ken Hicks,124
Wayne,5,State House,19,LIB,Derrick Evans,175
Wayne,6,State House,19,REP,John D. Creamer,50
Wayne,6,State House,19,REP,Mark Ross,118
Wayne,6,State House,19,DEM,Robert Thompson,72
Wayne,6,State House,19,DEM,Ken Hicks,43
Wayne,6,State House,19,LIB,Derrick Evans,88
Wayne,11,State House,19,REP,John D. Creamer,66
Wayne,11,State House,19,REP,Mark Ross,57
Wayne,11,State House,19,DEM,Robert Thompson,111
Wayne,11,State House,19,DEM,Ken Hicks,157
Wayne,11,State House,19,LIB,Derrick Evans,19
Wayne,12,State House,19,REP,John D. Creamer,65
Wayne,12,State House,19,REP,Mark Ross,68
Wayne,12,State House,19,DEM,Robert Thompson,132
Wayne,12,State House,19,DEM,Ken Hicks,194
Wayne,12,State House,19,LIB,Derrick Evans,22
Wayne,13,State House,19,REP,John D. Creamer,128
Wayne,13,State House,19,REP,Mark Ross,117
Wayne,13,State House,19,DEM,Robert Thompson,172
Wayne,13,State House,19,DEM,Ken Hicks,281
Wayne,13,State House,19,LIB,Derrick Evans,40
Wayne,14,State House,19,REP,John D. Creamer,268
Wayne,14,State House,19,REP,Mark Ross,224
Wayne,14,State House,19,DEM,Robert Thompson,332
Wayne,14,State House,19,DEM,Ken Hicks,473
Wayne,14,State House,19,LIB,Derrick Evans,67
Wayne,16,State House,19,REP,John D. Creamer,59
Wayne,16,State House,19,REP,Mark Ross,51
Wayne,16,State House,19,DEM,Robert Thompson,113
Wayne,16,State House,19,DEM,Ken Hicks,183
Wayne,16,State House,19,LIB,Derrick Evans,26
Wayne,17,State House,19,REP,John D. Creamer,109
Wayne,17,State House,19,REP,Mark Ross,116
Wayne,17,State House,19,DEM,Robert Thompson,160
Wayne,17,State House,19,DEM,Ken Hicks,242
Wayne,17,State House,19,LIB,Derrick Evans,35
Wayne,18,State House,19,REP,John D. Creamer,102
Wayne,18,State House,19,REP,Mark Ross,154
Wayne,18,State House,19,DEM,Robert Thompson,161
Wayne,18,State House,19,DEM,Ken Hicks,158
Wayne,18,State House,19,LIB,Derrick Evans,74
Wayne,19,State House,19,REP,John D. Creamer,201
Wayne,19,State House,19,REP,Mark Ross,200
Wayne,19,State House,19,DEM,Robert Thompson,223
Wayne,19,State House,19,DEM,Ken Hicks,273
Wayne,19,State House,19,LIB,Derrick Evans,46
Wayne,20,State House,19,REP,John D. Creamer,97
Wayne,20,State House,19,REP,Mark Ross,82
Wayne,20,State House,19,DEM,Robert Thompson,147
Wayne,20,State House,19,DEM,Ken Hicks,221
Wayne,20,State House,19,LIB,Derrick Evans,39
Wayne,21,State House,19,REP,John D. Creamer,71
Wayne,21,State House,19,REP,Mark Ross,63
Wayne,21,State House,19,DEM,Robert Thompson,102
Wayne,21,State House,19,DEM,Ken Hicks,182
Wayne,21,State House,19,LIB,Derrick Evans,22
Wayne,22,State House,19,REP,John D. Creamer,147
Wayne,22,State House,19,REP,Mark Ross,177
Wayne,22,State House,19,DEM,Robert Thompson,229
Wayne,22,State House,19,DEM,Ken Hicks,158
Wayne,22,State House,19,LIB,Derrick Evans,33
Wayne,30,State House,19,REP,John D. Creamer,145
Wayne,30,State House,19,REP,Mark Ross,279
Wayne,30,State House,19,DEM,Robert Thompson,342
Wayne,30,State House,19,DEM,Ken Hicks,106
Wayne,30,State House,19,LIB,Derrick Evans,81
Wayne,31,State House,19,REP,John D. Creamer,46
Wayne,31,State House,19,REP,Mark Ross,121
Wayne,31,State House,19,DEM,Robert Thompson,92
Wayne,31,State House,19,DEM,Ken Hicks,41
Wayne,31,State House,19,LIB,Derrick Evans,79
Wayne,34,State House,19,REP,John D. Creamer,45
Wayne,34,State House,19,REP,Mark Ross,98
Wayne,34,State House,19,DEM,Robert Thompson,118
Wayne,34,State House,19,DEM,Ken Hicks,109
Wayne,34,State House,19,LIB,Derrick Evans,120
Wayne,36,State House,19,REP,John D. Creamer,91
Wayne,36,State House,19,REP,Mark Ross,139
Wayne,36,State House,19,DEM,Robert Thompson,213
Wayne,36,State House,19,DEM,Ken Hicks,117
Wayne,36,State House,19,LIB,Derrick Evans,121
Wayne,37,State House,19,REP,John D. Creamer,90
Wayne,37,State House,19,REP,Mark Ross,121
Wayne,37,State House,19,DEM,Robert Thompson,93
Wayne,37,State House,19,DEM,Ken Hicks,79
Wayne,37,State House,19,LIB,Derrick Evans,139
Wayne,41,State House,19,REP,John D. Creamer,48
Wayne,41,State House,19,REP,Mark Ross,78
Wayne,41,State House,19,DEM,Robert Thompson,160
Wayne,41,State House,19,DEM,Ken Hicks,69
Wayne,41,State House,19,LIB,Derrick Evans,11
Wayne,42,State House,19,REP,John D. Creamer,29
Wayne,42,State House,19,REP,Mark Ross,58
Wayne,42,State House,19,DEM,Robert Thompson,120
Wayne,42,State House,19,DEM,Ken Hicks,61
Wayne,42,State House,19,LIB,Derrick Evans,7
Wayne,45,State House,19,REP,John D. Creamer,55
Wayne,45,State House,19,REP,Mark Ross,118
Wayne,45,State House,19,DEM,Robert Thompson,202
Wayne,45,State House,19,DEM,Ken Hicks,74
Wayne,45,State House,19,LIB,Derrick Evans,25
Wayne,48,State House,19,REP,John D. Creamer,222
Wayne,48,State House,19,REP,Mark Ross,211
Wayne,48,State House,19,DEM,Robert Thompson,297
Wayne,48,State House,19,DEM,Ken Hicks,220
Wayne,48,State House,19,LIB,Derrick Evans,28
Wayne,49,State House,19,REP,John D. Creamer,225
Wayne,49,State House,19,REP,Mark Ross,257
Wayne,49,State House,19,DEM,Robert Thompson,386
Wayne,49,State House,19,DEM,Ken Hicks,221
Wayne,49,State House,19,LIB,Derrick Evans,49
Wayne,50,State House,19,REP,John D. Creamer,102
Wayne,50,State House,19,REP,Mark Ross,216
Wayne,50,State House,19,DEM,Robert Thompson,321
Wayne,50,State House,19,DEM,Ken Hicks,121
Wayne,50,State House,19,LIB,Derrick Evans,31
Wayne,51,State House,19,REP,John D. Creamer,114
Wayne,51,State House,19,REP,Mark Ross,238
Wayne,51,State House,19,DEM,Robert Thompson,365
Wayne,51,State House,19,DEM,Ken Hicks,157
Wayne,51,State House,19,LIB,Derrick Evans,44
Wayne,52,State House,19,REP,John D. Creamer,68
Wayne,52,State House,19,REP,Mark Ross,93
Wayne,52,State House,19,DEM,Robert Thompson,135
Wayne,52,State House,19,DEM,Ken Hicks,60
Wayne,52,State House,19,LIB,Derrick Evans,20
Wayne,53,State House,19,REP,John D. Creamer,147
Wayne,53,State House,19,REP,Mark Ross,243
Wayne,53,State House,19,DEM,Robert Thompson,296
Wayne,53,State House,19,DEM,Ken Hicks,134
Wayne,53,State House,19,LIB,Derrick Evans,40
Wayne,54,State House,19,REP,John D. Creamer,69
Wayne,54,State House,19,REP,Mark Ross,155
Wayne,54,State House,19,DEM,Robert Thompson,249
Wayne,54,State House,19,DEM,Ken Hicks,99
Wayne,54,State House,19,LIB,Derrick Evans,31
Wayne,57,State House,19,REP,John D. Creamer,158
Wayne,57,State House,19,REP,Mark Ross,91
Wayne,57,State House,19,DEM,Robert Thompson,170
Wayne,57,State House,19,DEM,Ken Hicks,188
Wayne,57,State House,19,LIB,Derrick Evans,34
Wayne,62,State House,19,REP,John D. Creamer,223
Wayne,62,State House,19,REP,Mark Ross,177
Wayne,62,State House,19,DEM,Robert Thompson,248
Wayne,62,State House,19,DEM,Ken Hicks,346
Wayne,62,State House,19,LIB,Derrick Evans,56
Wayne,Total,State House,19,REP,John D. Creamer,3493
Wayne,Total,State House,19,REP,Mark Ross,4787
Wayne,Total,State House,19,DEM,Robert Thompson,6152
Wayne,Total,State House,19,DEM,Ken Hicks,4998
Wayne,Total,State House,19,LIB,Derrick Evans,1881
